06/06/21 15:37:05,127.0.0.1
06/06/21 15:38:51,127.0.0.1,GET
06/06/21 21:56:19,127.0.0.1,GET
06/06/21 22:45:14,127.0.0.1,GET
06/06/21 22:45:19,127.0.0.1,GET
06/06/21 22:46:40,127.0.0.1,GET
07/06/21 12:50:32,127.0.0.1,GET
07/06/21 12:53:19,127.0.0.1,GET
07/06/21 12:56:50,127.0.0.1,GET
07/06/21 12:57:25,127.0.0.1,GET
07/06/21 12:58:18,127.0.0.1,GET
07/06/21 12:58:32,127.0.0.1,GET
07/06/21 12:58:42,127.0.0.1,GET
07/06/21 12:59:24,127.0.0.1,GET
07/06/21 12:59:25,127.0.0.1,GET
07/06/21 12:59:31,127.0.0.1,GET
07/06/21 12:59:32,127.0.0.1,GET
07/06/21 12:59:37,127.0.0.1,GET
07/06/21 12:59:45,127.0.0.1,GET
07/06/21 13:02:07,127.0.0.1,GET
07/06/21 13:02:11,127.0.0.1,POST
07/06/21 13:03:31,127.0.0.1,POST
07/06/21 13:03:34,127.0.0.1,GET
07/06/21 13:03:37,127.0.0.1,POST
07/06/21 13:04:53,127.0.0.1,POST
07/06/21 13:04:57,127.0.0.1,POST
07/06/21 13:05:28,127.0.0.1,GET
07/06/21 13:06:12,127.0.0.1,GET
07/06/21 13:06:17,127.0.0.1,POST
07/06/21 13:08:04,127.0.0.1,GET
07/06/21 13:08:09,127.0.0.1,GET
07/06/21 13:08:24,127.0.0.1,GET
07/06/21 13:08:26,127.0.0.1,GET
07/06/21 13:08:27,127.0.0.1,GET
07/06/21 13:08:30,127.0.0.1,GET
07/06/21 13:08:34,127.0.0.1,GET
07/06/21 13:10:11,127.0.0.1,GET
07/06/21 13:12:00,127.0.0.1,GET
07/06/21 13:13:01,127.0.0.1,GET
07/06/21 13:13:07,127.0.0.1,GET
07/06/21 13:13:34,127.0.0.1,GET
07/06/21 13:13:36,127.0.0.1,GET
07/06/21 13:13:49,127.0.0.1,GET
07/06/21 13:13:57,127.0.0.1,GET
07/06/21 13:16:26,127.0.0.1,GET
07/06/21 13:17:07,127.0.0.1,POST
07/06/21 13:17:20,127.0.0.1,POST
07/06/21 13:18:48,127.0.0.1,POST
07/06/21 13:19:39,127.0.0.1,GET
07/06/21 13:19:42,127.0.0.1,GET
07/06/21 13:19:45,127.0.0.1,POST
07/06/21 13:20:14,127.0.0.1,POST
07/06/21 13:20:16,127.0.0.1,GET
07/06/21 13:20:19,127.0.0.1,GET
07/06/21 13:20:21,127.0.0.1,POST
07/06/21 13:22:06,127.0.0.1,POST
07/06/21 17:03:26,127.0.0.1,GET
07/06/21 17:03:53,127.0.0.1,GET
07/06/21 17:03:55,127.0.0.1,GET
07/06/21 17:03:57,127.0.0.1,GET
07/06/21 17:04:41,127.0.0.1,GET
07/06/21 17:08:30,127.0.0.1,GET
07/06/21 17:08:53,127.0.0.1,GET
07/06/21 17:09:00,127.0.0.1,GET
07/06/21 17:16:16,127.0.0.1,GET
07/06/21 17:16:32,127.0.0.1,GET
07/06/21 17:16:49,127.0.0.1,GET
